-- phpMyAdmin SQL Dump
-- version 4.9.0.1
-- https://www.phpmyadmin.net/
--
-- Host: sql113.byetcluster.com
-- Generation Time: Dec 08, 2020 at 09:31 PM
-- Server version: 5.6.48-88.0
-- PHP Version: 7.2.22

SET SQL_MODE = "NO_AUTO_VALUE_ON_ZERO";
SET AUTOCOMMIT = 0;
START TRANSACTION;
SET time_zone = "+00:00";


/*!40101 SET @OLD_CHARACTER_SET_CLIENT=@@CHARACTER_SET_CLIENT */;
/*!40101 SET @OLD_CHARACTER_SET_RESULTS=@@CHARACTER_SET_RESULTS */;
/*!40101 SET @OLD_COLLATION_CONNECTION=@@COLLATION_CONNECTION */;
/*!40101 SET NAMES utf8mb4 */;

--
-- Database: ``
--

-- --------------------------------------------------------

--
-- Table structure for table `blog_comments`
--

CREATE TABLE `blog_comments` (
  `commentId` int(11) UNSIGNED NOT NULL,
  `commentName` varchar(255) NOT NULL,
  `commentEmail` varchar(255) NOT NULL,
  `commentText` text NOT NULL,
  `commentDate` datetime NOT NULL,
  `commentStatus` tinyint(1) NOT NULL,
  `postID` int(11) UNSIGNED NOT NULL
) ENGINE=MyISAM DEFAULT CHARSET=utf8mb4;

--
-- Dumping data for table `blog_comments`
--

INSERT INTO `blog_comments` (`commentId`, `commentName`, `commentEmail`, `commentText`, `commentDate`, `commentStatus`, `postID`) VALUES
(16, 'User', 'user@gmail.com', 'Hi', '2020-11-21 10:01:41', 0, 6),
(5, 'sepand', 'sepand@mail.com', '111111111111', '2020-10-01 00:00:00', 1, 6),
(7, 'sepand', 'sepand@mail.com', '111111111111', '0000-00-00 00:00:00', 1, 6),
(9, '24235', 'sepand@mail.com', 'sdgbfrnjfcdkmjgtk', '0350-10-01 00:00:00', 0, 6),
(10, 'name', 'email@email.com', 'texttexttexttexttext', '2020-10-01 17:28:32', 1, 6),
(11, 'Test User', 'test@example.com', 'Lorem ipsum dolor sit amet, consectetur adipiscing elit. Nulla quis massa ultrices, rutrum ligula et, convallis felis. Praesent gravida ligula.', '2020-11-01 19:46:20', 1, 6),
(12, 'example', 'example@example.com', 'Lorem ipsum dolor sit amet, consectetur adipiscing elit. Nulla quis massa ultrices, rutrum ligula et, convallis felis. Praesent gravida ligula.', '2020-11-01 19:47:40', 1, 2),
(13, 'Alihr', '******@yahoo.com', 'hello sir , i read half of this content , but i didn\'t understand one word of it ! what is this content about ? am i stupid ?!', '2020-11-02 18:54:51', 0, 6),
(14, 'Alihr', '******@yahoo.com', 'hello sir , i read half of this content , but i didn\'t understand one word of it ! what is this content about ? am i stupid ?!', '2020-11-02 18:55:11', 1, 6),
(17, 'User', 'user@gmail.com', 'Hi', '2020-11-21 10:02:05', 1, 6),
(18, 'User', 'user@gmail.com', 'Hi', '2020-11-21 10:02:33', 0, 6);

-- --------------------------------------------------------

--
-- Table structure for table `blog_members`
--

CREATE TABLE `blog_members` (
  `memberID` int(11) UNSIGNED NOT NULL,
  `username` varchar(255) DEFAULT NULL,
  `password` varchar(255) DEFAULT NULL,
  `email` varchar(255) DEFAULT NULL
) ENGINE=MyISAM DEFAULT CHARSET=utf8mb4;

--
-- Dumping data for table `blog_members`
--

INSERT INTO `blog_members` (`memberID`, `username`, `password`, `email`) VALUES
(1, 'Demo', 'fe01ce2a7fbac8fafaed7c982a04e229', 'demo@demo.com'),
(3, 'user', '5f4dcc3b5aa765d61d8327deb882cf99', 'example@test.com');

-- --------------------------------------------------------

--
-- Table structure for table `blog_posts`
--

CREATE TABLE `blog_posts` (
  `postID` int(11) UNSIGNED NOT NULL,
  `postTitle` varchar(255) DEFAULT NULL,
  `postDesc` mediumtext,
  `postCont` mediumtext,
  `postDate` datetime DEFAULT NULL
) ENGINE=MyISAM DEFAULT CHARSET=utf8mb4;

--
-- Dumping data for table `blog_posts`
--

INSERT INTO `blog_posts` (`postID`, `postTitle`, `postDesc`, `postCont`, `postDate`) VALUES
(1, 'Bendless Love', '<p>That\'s right, baby. I ain\'t your loverboy Flexo, the guy you love so much. You even love anyone pretending to be him! Interesting. No, wait, the other thing: tedious. Hey, guess what you\'re accessories to. The alien mothership is in orbit here. If we can hit that bullseye, the rest of the dominoes will fall like a house of cards. Checkmate.</p>', '<h2>The Mutants Are Revolting</h2>\r\n<p>We don\'t have a brig. And until then, I can never die? We need rest. The spirit is willing, but the flesh is spongy and bruised. And yet you haven\'t said what I told you to say! How can any of us trust you?</p>\r\n<ul>\r\n<li>Oh, but you can. But you may have to metaphorically make a deal with the devil. And by \"devil\", I mean Robot Devil. And by \"metaphorically\", I mean get your coat.</li>\r\n<li>Bender?! You stole the atom.</li>\r\n<li>I was having the most wonderful dream. Except you were there, and you were there, and you were there!</li>\r\n</ul>\r\n<h3>The Series Has Landed</h3>\r\n<p>Fry! Stay back! He\'s too powerful! No. We\'re on the top. Fry, you can\'t just sit here in the dark listening to classical music.</p>\r\n<h4>Future Stock</h4>\r\n<p>Does anybody else feel jealous and aroused and worried? We\'re also Santa Claus! You\'re going back for the Countess, aren\'t you? Well, let\'s just dump it in the sewer and say we delivered it.</p>\r\n<ol>\r\n<li>Spare me your space age technobabble, Attila the Hun!</li>\r\n<li>You guys realize you live in a sewer, right?</li>\r\n<li>I guess if you want children beaten, you have to do it yourself.</li>\r\n<li>Yeah. Give a little credit to our public schools.</li>\r\n</ol>\r\n<h5>The Why of Fry</h5>\r\n<p>Who are you, my warranty?! Shinier than yours, meatbag. Dr. Zoidberg, that doesn\'t make sense. But, okay! Yes, except the Dave Matthews Band doesn\'t rock.</p>', '2013-05-29 00:00:00'),
(2, 'That Darn Katz!', '<p>Wow! A superpowers drug you can just rub onto your skin? You\'d think it would be something you\'d have to freebase. Fry, you can\'t just sit here in the dark listening to classical music. And yet you haven\'t said what I told you to say! How can any of us trust you?</p>', '<h2>Xmas Story</h2>\r\n<p>It must be wonderful. Does anybody else feel jealous and aroused and worried? Is today\'s hectic lifestyle making you tense and impatient? Soothe us with sweet lies. That\'s right, baby. I ain\'t your loverboy Flexo, the guy you love so much. You even love anyone pretending to be him!</p>\r\n<ul>\r\n<li>Goodbye, friends. I never thought I\'d die like this. But I always really hoped.</li>\r\n<li>They\'re like sex, except I\'m having them!</li>\r\n<li>Come, Comrade Bender! We must take to the streets!</li>\r\n</ul>\r\n<h3>Anthology of Interest I</h3>\r\n<p>Hey, whatcha watching? They\'re like sex, except I\'m having them! Well I\'da done better, but it\'s plum hard pleading a case while awaiting trial for that there incompetence. Yes, except the Dave Matthews Band doesn\'t rock. I suppose I could part with \'one\' and still be feared&hellip;</p>\r\n<h4>Teenage Mutant Leela\'s Hurdles</h4>\r\n<p>Oh, but you can. But you may have to metaphorically make a deal with the devil. And by \"devil\", I mean Robot Devil. And by \"metaphorically\", I mean get your coat. Please, Don-Bot&hellip; look into your hard drive, and open your mercy file! It\'s a T. It goes \"tuh\". I guess if you want children beaten, you have to do it yourself.</p>\r\n<ol>\r\n<li>Spare me your space age technobabble, Attila the Hun!</li>\r\n<li>Well, thanks to the Internet, I\'m now bored with sex. Is there a place on the web that panders to my lust for violence?</li>\r\n</ol>\r\n<h5>The Farnsworth Parabox</h5>\r\n<p>Wow! A superpowers drug you can just rub onto your skin? You\'d think it would be something you\'d have to freebase. We need rest. The spirit is willing, but the flesh is spongy and bruised. It must be wonderful.</p>', '2013-06-05 23:10:35'),
(3, 'How Hermes Requisitioned His Groove Back', '<p>You\'re going back for the Countess, aren\'t you? Wow! A superpowers drug you can just rub onto your skin? You\'d think it would be something you\'d have to freebase. Now Fry, it\'s been a few years since medical school, so remind me. Disemboweling in your species: fatal or non-fatal? I don\'t want to be rescued. Leela, are you alright? You got wanged on the head.</p>', '<h2>The Luck of the Fryrish</h2>\r\n<p>Professor, make a woman out of me. I am the man with no name, Zapp Brannigan! Good man. Nixon\'s pro-war and pro-family. The alien mothership is in orbit here. If we can hit that bullseye, the rest of the dominoes will fall like a house of cards. Checkmate. Fry, you can\'t just sit here in the dark listening to classical music.</p>\r\n<ul>\r\n<li>Who are those horrible orange men?</li>\r\n<li>Is today\'s hectic lifestyle making you tense and impatient?</li>\r\n</ul>\r\n<h3>Lethal Inspection</h3>\r\n<p>Oh, but you can. But you may have to metaphorically make a deal with the devil. And by \"devil\", I mean Robot Devil. And by \"metaphorically\", I mean get your coat. No. We\'re on the top. Does anybody else feel jealous and aroused and worried? Well I\'da done better, but it\'s plum hard pleading a case while awaiting trial for that there incompetence. It must be wonderful.</p>\r\n<h4>Where No Fan Has Gone Before</h4>\r\n<p>Who are those horrible orange men? Bender, we\'re trying our best. Please, Don-Bot&hellip; look into your hard drive, and open your mercy file! Wow! A superpowers drug you can just rub onto your skin? You\'d think it would be something you\'d have to freebase. WINDMILLS DO NOT WORK THAT WAY! GOOD NIGHT! Look, last night was a mistake.</p>\r\n<ol>\r\n<li>I\'m sorry, guys. I never meant to hurt you. Just to destroy everything you ever believed in.</li>\r\n<li>Stop it, stop it. It\'s fine. I will \'destroy\' you!</li>\r\n<li>You guys realize you live in a sewer, right?</li>\r\n</ol>\r\n<h5>Fear of a Bot Planet</h5>\r\n<p>Why yes! Thanks for noticing. Hey, guess what you\'re accessories to. Yes, except the Dave Matthews Band doesn\'t rock. Take me to your leader! Daddy Bender, we\'re hungry.</p>', '2013-06-05 23:20:24'),
(6, 'The Cyber House Rules', '<p>You guys realize you live in a sewer, right? Uh, is the puppy mechanical in any way? Come, Comrade Bender! We must take to the streets! I daresay that Fry has discovered the smelliest object in the known universe! Good news, everyone! There\'s a report on TV with some very bad news!</p>', '<h2>The Luck of the Fryrish</h2>\r\n<p>Professor, make a woman out of me. I am the man with no name, Zapp Brannigan! Good man. Nixon\'s pro-war and pro-family. The alien mothership is in orbit here. If we can hit that bullseye, the rest of the dominoes will fall like a house of cards. Checkmate. Fry, you can\'t just sit here in the dark listening to classical music.</p>\r\n<ul>\r\n<li>Who are those horrible orange men?</li>\r\n<li>Is today\'s hectic lifestyle making you tense and impatient?</li>\r\n</ul>\r\n<h3>Lethal Inspection</h3>\r\n<p>Oh, but you can. But you may have to metaphorically make a deal with the devil. And by \"devil\", I mean Robot Devil. And by \"metaphorically\", I mean get your coat. No. We\'re on the top. Does anybody else feel jealous and aroused and worried? Well I\'da done better, but it\'s plum hard pleading a case while awaiting trial for that there incompetence. It must be wonderful.</p>\r\n<h4>Where No Fan Has Gone Before</h4>\r\n<p>Who are those horrible orange men? Bender, we\'re trying our best. Please, Don-Bot&hellip; look into your hard drive, and open your mercy file! Wow! A superpowers drug you can just rub onto your skin? You\'d think it would be something you\'d have to freebase. WINDMILLS DO NOT WORK THAT WAY! GOOD NIGHT! Look, last night was a mistake.</p>\r\n<ol>\r\n<li>I\'m sorry, guys. I never meant to hurt you. Just to destroy everything you ever believed in.</li>\r\n<li>Stop it, stop it. It\'s fine. I will \'destroy\' you!</li>\r\n<li>You guys realize you live in a sewer, right?</li>\r\n</ol>\r\n<h5>Fear of a Bot Planet</h5>\r\n<p>Why yes! Thanks for noticing. Hey, guess what you\'re accessories to. Yes, except the Dave Matthews Band doesn\'t rock. Take me to your leader! Daddy Bender, we\'re hungry.</p>', '2013-06-06 08:28:35');

--
-- Indexes for dumped tables
--

--
-- Indexes for table `blog_comments`
--
ALTER TABLE `blog_comments`
  ADD PRIMARY KEY (`commentId`),
  ADD KEY `postID` (`postID`);

--
-- Indexes for table `blog_members`
--
ALTER TABLE `blog_members`
  ADD PRIMARY KEY (`memberID`);

--
-- Indexes for table `blog_posts`
--
ALTER TABLE `blog_posts`
  ADD PRIMARY KEY (`postID`);

--
-- AUTO_INCREMENT for dumped tables
--

--
-- AUTO_INCREMENT for table `blog_comments`
--
ALTER TABLE `blog_comments`
  MODIFY `commentId` int(11) UNSIGNED NOT NULL AUTO_INCREMENT, AUTO_INCREMENT=19;

--
-- AUTO_INCREMENT for table `blog_members`
--
ALTER TABLE `blog_members`
  MODIFY `memberID` int(11) UNSIGNED NOT NULL AUTO_INCREMENT, AUTO_INCREMENT=4;

--
-- AUTO_INCREMENT for table `blog_posts`
--
ALTER TABLE `blog_posts`
  MODIFY `postID` int(11) UNSIGNED NOT NULL AUTO_INCREMENT, AUTO_INCREMENT=7;
COMMIT;

/*!40101 SET CHARACTER_SET_CLIENT=@OLD_CHARACTER_SET_CLIENT */;
/*!40101 SET CHARACTER_SET_RESULTS=@OLD_CHARACTER_SET_RESULTS */;
/*!40101 SET COLLATION_CONNECTION=@OLD_COLLATION_CONNECTION */;
